;;;;;;;;;;;;x,,,,,,,,,,,,,
return_core_on_title;Enable 'Return Cores' decisions;;;;;;;;;;;;x,,
return_core_on_desc;The Return Cores decisions allow you to return cores of vassals and spherelings, as long as you don't have a core in the province, and are otherwise kept hidden from view to avoid having them clutter up your decision list.;;;;;;;;;;;;x
return_core_off_title;Disable 'Return Cores' decisions;;;;;;;;;;;;x,,
return_core_off_desc;Your decision list will now be uncluttered.;;;;;;;;;;;;x,,
return_core_disabled_title;Deactivate 'Return Cores' decisions;;;;;;;;;;;;x,,
return_core_disabled_desc;The 'Return Cores' decisions will disappear from this game session and won't reappear again. You won't be able to use these decisions again for this game.;;;;;;;;;;;;x,,
return_cores_ACO_title;Return cores to Acoma;;;;;;;;;;;;;;;;;;;;x,,
return_cores_ACO_desc;We hold provinces that Acoma has claims on. Returning these provinces, as an act of good faith, would surely bolster our relations.;;;;;;;;;;;;x
return_cores_ADE_title;Return cores to Aden;;;;;;;;;;;;;;;;;;;;x,,
return_cores_ADE_desc;We hold provinces that Aden has claims on. Returning these provinces, as an act of good faith, would surely bolster our relations.;;;;;;;;;;;;x
return_cores_AFG_title;Return cores to Afghanistan;;;;;;;;;;;;;;;;;;;;x,,
return_cores_AFG_desc;We hold provinces that Afghanistan has claims on. Returning these provinces, as an act of good faith, would surely bolster our relations.;;;;;;;;;;;;x
return_cores_AIN_title;Return cores to Ainu;;;;;;;;;;;;;;;;;;;;x,,
return_cores_AIN_desc;We hold provinces that Ainu has claims on. Returning these provinces, as an act of good faith, would surely bolster our relations.;;;;;;;;;;;;x
return_cores_AJU_title;Return cores to Ajuuraan;;;;;;;;;;;;;;;;;;;;x,,
return_cores_AJU_desc;We hold provinces that Ajuuraan has claims on. Returning these provinces, as an act of good faith, would surely bolster our relations.;;;;;;;;;;;;x
return_cores_AKH_title;Return cores to Astrakhan;;;;;;;;;;;;;;;;;;;;x,,
return_cores_AKH_desc;We hold provinces that Astrakhan has claims on. Returning these provinces, as an act of good faith, would surely bolster our relations.;;;;;;;;;;;;x
return_cores_ALD_title;Return cores to Algiers;;;;;;;;;;;;;;;;;;;;x,,
return_cores_ALD_desc;We hold provinces that Algiers has claims on. Returning these provinces, as an act of good faith, would surely bolster our relations.;;;;;;;;;;;;x
return_cores_ALH_title;Return cores to Al Bahrein;;;;;;;;;;;;;;;;;;;;x,,
return_cores_ALH_desc;We hold provinces that Al Bahrein has claims on. Returning these provinces, as an act of good faith, would surely bolster our relations.;;;;;;;;;;;;x
return_cores_ALM_title;Return cores to Altamaha;;;;;;;;;;;;;;;;;;;;x,,
return_cores_ALM_desc;We hold provinces that Altamaha has claims on. Returning these provinces, as an act of good faith, would surely bolster our relations.;;;;;;;;;;;;x
return_cores_AND_title;Return cores to Vijayapurids;;;;;;;;;;;;;;;;;;;;x,,
return_cores_AND_desc;We hold provinces that Vijayapurids has claims on. Returning these provinces, as an act of good faith, would surely bolster our relations.;;;;;;;;;;;;x
return_cores_ANL_title;Return cores to Anilco;;;;;;;;;;;;;;;;;;;;x,,
return_cores_ANL_desc;We hold provinces that Anilco has claims on. Returning these provinces, as an act of good faith, would surely bolster our relations.;;;;;;;;;;;;x
return_cores_ANN_title;Return cores to Annam;;;;;;;;;;;;;;;;;;;;x,,
return_cores_ANN_desc;We hold provinces that Annam has claims on. Returning these provinces, as an act of good faith, would surely bolster our relations.;;;;;;;;;;;;x
return_cores_APA_title;Return cores to Apache;;;;;;;;;;;;;;;;;;;;x,,
return_cores_APA_desc;We hold provinces that Apache has claims on. Returning these provinces, as an act of good faith, would surely bolster our relations.;;;;;;;;;;;;x
return_cores_ARA_title;Return cores to de Mauriennes;;;;;;;;;;;;;;;;;;;;x,,
return_cores_ARA_desc;We hold provinces that de Mauriennes has claims on. Returning these provinces, as an act of good faith, would surely bolster our relations.;;;;;;;;;;;;x
return_cores_ARK_title;Return cores to Arakan;;;;;;;;;;;;;;;;;;;;x,,
return_cores_ARK_desc;We hold provinces that Arakan has claims on. Returning these provinces, as an act of good faith, would surely bolster our relations.;;;;;;;;;;;;x
return_cores_ARL_title;Return cores to Ardabil;;;;;;;;;;;;;;;;;;;;x,,
return_cores_ARL_desc;We hold provinces that Ardabil has claims on. Returning these provinces, as an act of good faith, would surely bolster our relations.;;;;;;;;;;;;x
return_cores_ARN_title;Return cores to Aragon;;;;;;;;;;;;;;;;;;;;x,,
return_cores_ARN_desc;We hold provinces that Aragon has claims on. Returning these provinces, as an act of good faith, would surely bolster our relations.;;;;;;;;;;;;x
return_cores_ASH_title;Return cores to Ashanti;;;;;;;;;;;;;;;;;;;;x,,
return_cores_ASH_desc;We hold provinces that Ashanti has claims on. Returning these provinces, as an act of good faith, would surely bolster our relations.;;;;;;;;;;;;x
return_cores_ASI_title;Return cores to Assiniboine;;;;;;;;;;;;;;;;;;;;x,,
return_cores_ASI_desc;We hold provinces that Assiniboine has claims on. Returning these provinces, as an act of good faith, would surely bolster our relations.;;;;;;;;;;;;x
return_cores_ASM_title;Return cores to Assam;;;;;;;;;;;;;;;;;;;;x,,
return_cores_ASM_desc;We hold provinces that Assam has claims on. Returning these provinces, as an act of good faith, would surely bolster our relations.;;;;;;;;;;;;x
return_cores_AST_title;Return cores to Australia;;;;;;;;;;;;;;;;;;;;x,,
return_cores_AST_desc;We hold provinces that Australia has claims on. Returning these provinces, as an act of good faith, would surely bolster our relations.;;;;;;;;;;;;x
return_cores_ATJ_title;Return cores to Aceh;;;;;;;;;;;;;;;;;;;;x,,
return_cores_ATJ_desc;We hold provinces that Aceh has claims on. Returning these provinces, as an act of good faith, would surely bolster our relations.;;;;;;;;;;;;x
return_cores_ATR_title;Return cores to de Santanders;;;;;;;;;;;;;;;;;;;;x,,
return_cores_ATR_desc;We hold provinces that de Santanders has claims on. Returning these provinces, as an act of good faith, would surely bolster our relations.;;;;;;;;;;;;x
return_cores_AUI_title;Return cores to Kamilaroi;;;;;;;;;;;;;;;;;;;;x,,
return_cores_AUI_desc;We hold provinces that Kamilaroi has claims on. Returning these provinces, as an act of good faith, would surely bolster our relations.;;;;;;;;;;;;x
return_cores_AUL_title;Return cores to Larrakia;;;;;;;;;;;;;;;;;;;;x,,
return_cores_AUL_desc;We hold provinces that Larrakia has claims on. Returning these provinces, as an act of good faith, would surely bolster our relations.;;;;;;;;;;;;x
return_cores_AUO_title;Return cores to Nyoongah;;;;;;;;;;;;;;;;;;;;x,,
return_cores_AUO_desc;We hold provinces that Nyoongah has claims on. Returning these provinces, as an act of good faith, would surely bolster our relations.;;;;;;;;;;;;x
return_cores_AUS_title;Return cores to Austria;;;;;;;;;;;;;;;;;;;;x,,
return_cores_AUS_desc;We hold provinces that Austria has claims on. Returning these provinces, as an act of good faith, would surely bolster our relations.;;;;;;;;;;;;x
return_cores_AUW_title;Return cores to Wurundjeri;;;;;;;;;;;;;;;;;;;;x,,
return_cores_AUW_desc;We hold provinces that Wurundjeri has claims on. Returning these provinces, as an act of good faith, would surely bolster our relations.;;;;;;;;;;;;x
return_cores_AWA_title;Return cores to Oudh;;;;;;;;;;;;;;;;;;;;x,,
return_cores_AWA_desc;We hold provinces that Oudh has claims on. Returning these provinces, as an act of good faith, would surely bolster our relations.;;;;;;;;;;;;x
return_cores_AYR_title;Return cores to Air;;;;;;;;;;;;;;;;;;;;x,,
return_cores_AYR_desc;We hold provinces that Air has claims on. Returning these provinces, as an act of good faith, would surely bolster our relations.;;;;;;;;;;;;x
return_cores_AZT_title;Return cores to Aztec;;;;;;;;;;;;;;;;;;;;x,,
return_cores_AZT_desc;We hold provinces that Aztec has claims on. Returning these provinces, as an act of good faith, would surely bolster our relations.;;;;;;;;;;;;x
return_cores_BAU_title;Return cores to Berau;;;;;;;;;;;;;;;;;;;;x,,
return_cores_BAU_desc;We hold provinces that Berau has claims on. Returning these provinces, as an act of good faith, would surely bolster our relations.;;;;;;;;;;;;x
return_cores_BAV_title;Return cores to Bavaria;;;;;;;;;;;;;;;;;;;;x,,
return_cores_BAV_desc;We hold provinces that Bavaria has claims on. Returning these provinces, as an act of good faith, would surely bolster our relations.;;;;;;;;;;;;x
return_cores_BER_title;Return cores to Baroda;;;;;;;;;;;;;;;;;;;;x,,
return_cores_BER_desc;We hold provinces that Baroda has claims on. Returning these provinces, as an act of good faith, would surely bolster our relations.;;;;;;;;;;;;x
return_cores_BLA_title;Return cores to Blackfoot;;;;;;;;;;;;;;;;;;;;x,,
return_cores_BLA_desc;We hold provinces that Blackfoot has claims on. Returning these provinces, as an act of good faith, would surely bolster our relations.;;;;;;;;;;;;x
return_cores_BLC_title;Return cores to Baluchistan;;;;;;;;;;;;;;;;;;;;x,,
return_cores_BLC_desc;We hold provinces that Baluchistan has claims on. Returning these provinces, as an act of good faith, would surely bolster our relations.;;;;;;;;;;;;x
return_cores_BNJ_title;Return cores to Banjar;;;;;;;;;;;;;;;;;;;;x,,
return_cores_BNJ_desc;We hold provinces that Banjar has claims on. Returning these provinces, as an act of good faith, would surely bolster our relations.;;;;;;;;;;;;x
return_cores_BNY_title;Return cores to Bunyoro;;;;;;;;;;;;;;;;;;;;x,,
return_cores_BNY_desc;We hold provinces that Bunyoro has claims on. Returning these provinces, as an act of good faith, would surely bolster our relations.;;;;;;;;;;;;x
return_cores_BOH_title;Return cores to Czeskia;;;;;;;;;;;;;;;;;;;;x,,
return_cores_BOH_desc;We hold provinces that Czeskia has claims on. Returning these provinces, as an act of good faith, would surely bolster our relations.;;;;;;;;;;;;x
return_cores_BOS_title;Return cores to Bosnia;;;;;;;;;;;;;;;;;;;;x,,
return_cores_BOS_desc;We hold provinces that Bosnia has claims on. Returning these provinces, as an act of good faith, would surely bolster our relations.;;;;;;;;;;;;x
return_cores_BRD_title;Return cores to Burundi;;;;;;;;;;;;;;;;;;;;x,,
return_cores_BRD_desc;We hold provinces that Burundi has claims on. Returning these provinces, as an act of good faith, would surely bolster our relations.;;;;;;;;;;;;x
return_cores_BRS_title;Return cores to Barus;;;;;;;;;;;;;;;;;;;;x,,
return_cores_BRS_desc;We hold provinces that Barus has claims on. Returning these provinces, as an act of good faith, would surely bolster our relations.;;;;;;;;;;;;x
return_cores_BRU_title;Return cores to Brunei;;;;;;;;;;;;;;;;;;;;x,,
return_cores_BRU_desc;We hold provinces that Brunei has claims on. Returning these provinces, as an act of good faith, would surely bolster our relations.;;;;;;;;;;;;x
return_cores_BRZ_title;Return cores to Brazil;;;;;;;;;;;;;;;;;;;;x,,
return_cores_BRZ_desc;We hold provinces that Brazil has claims on. Returning these provinces, as an act of good faith, would surely bolster our relations.;;;;;;;;;;;;x
return_cores_BSG_title;Return cores to Busoga;;;;;;;;;;;;;;;;;;;;x,,
return_cores_BSG_desc;We hold provinces that Busoga has claims on. Returning these provinces, as an act of good faith, would surely bolster our relations.;;;;;;;;;;;;x
return_cores_BUG_title;Return cores to Buganda;;;;;;;;;;;;;;;;;;;;x,,
return_cores_BUG_desc;We hold provinces that Buganda has claims on. Returning these provinces, as an act of good faith, would surely bolster our relations.;;;;;;;;;;;;x
return_cores_BUN_title;Return cores to Bundelkhand;;;;;;;;;;;;;;;;;;;;x,,
return_cores_BUN_desc;We hold provinces that Bundelkhand has claims on. Returning these provinces, as an act of good faith, would surely bolster our relations.;;;;;;;;;;;;x
return_cores_BUR_title;Return cores to Taungu;;;;;;;;;;;;;;;;;;;;x,,
return_cores_BUR_desc;We hold provinces that Taungu has claims on. Returning these provinces, as an act of good faith, would surely bolster our relations.;;;;;;;;;;;;x
return_cores_CAB_title;Return cores to Carib;;;;;;;;;;;;;;;;;;;;x,,
return_cores_CAB_desc;We hold provinces that Carib has claims on. Returning these provinces, as an act of good faith, would surely bolster our relations.;;;;;;;;;;;;x
return_cores_CAD_title;Return cores to Caddo;;;;;;;;;;;;;;;;;;;;x,,
return_cores_CAD_desc;We hold provinces that Caddo has claims on. Returning these provinces, as an act of good faith, would surely bolster our relations.;;;;;;;;;;;;x
return_cores_CAL_title;Return cores to California;;;;;;;;;;;;;;;;;;;;x,,
return_cores_CAL_desc;We hold provinces that California has claims on. Returning these provinces, as an act of good faith, would surely bolster our relations.;;;;;;;;;;;;x
return_cores_CAM_title;Return cores to Khmer;;;;;;;;;;;;;;;;;;;;x,,
return_cores_CAM_desc;We hold provinces that Khmer has claims on. Returning these provinces, as an act of good faith, would surely bolster our relations.;;;;;;;;;;;;x
return_cores_CAN_title;Return cores to Vinland;;;;;;;;;;;;;;;;;;;;x,,
return_cores_CAN_desc;We hold provinces that Vinland has claims on. Returning these provinces, as an act of good faith, would surely bolster our relations.;;;;;;;;;;;;x
return_cores_CAO_title;Return cores to Cahokia;;;;;;;;;;;;;;;;;;;;x,,
return_cores_CAO_desc;We hold provinces that Cahokia has claims on. Returning these provinces, as an act of good faith, would surely bolster our relations.;;;;;;;;;;;;x
return_cores_CCM_title;Return cores to Chichimeca;;;;;;;;;;;;;;;;;;;;x,,
return_cores_CCM_desc;We hold provinces that Chichimeca has claims on. Returning these provinces, as an act of good faith, would surely bolster our relations.;;;;;;;;;;;;x
return_cores_CCQ_title;Return cores to Calchaqui;;;;;;;;;;;;;;;;;;;;x,,
return_cores_CCQ_desc;We hold provinces that Calchaqui has claims on. Returning these provinces, as an act of good faith, would surely bolster our relations.;;;;;;;;;;;;x
return_cores_CEB_title;Return cores to Cebu;;;;;;;;;;;;;;;;;;;;x,,
return_cores_CEB_desc;We hold provinces that Cebu has claims on. Returning these provinces, as an act of good faith, would surely bolster our relations.;;;;;;;;;;;;x
return_cores_CHA_title;Return cores to Champa;;;;;;;;;;;;;;;;;;;;x,,
return_cores_CHA_desc;We hold provinces that Champa has claims on. Returning these provinces, as an act of good faith, would surely bolster our relations.;;;;;;;;;;;;x
return_cores_CHC_title;Return cores to Chu;;;;;;;;;;;;;;;;;;;;x,,
return_cores_CHC_desc;We hold provinces that Chu has claims on. Returning these provinces, as an act of good faith, would surely bolster our relations.;;;;;;;;;;;;x
return_cores_CHE_title;Return cores to Cherokee;;;;;;;;;;;;;;;;;;;;x,,
return_cores_CHE_desc;We hold provinces that Cherokee has claims on. Returning these provinces, as an act of good faith, would surely bolster our relations.;;;;;;;;;;;;x
return_cores_CHL_title;Return cores to Chile;;;;;;;;;;;;;;;;;;;;x,,
return_cores_CHL_desc;We hold provinces that Chile has claims on. Returning these provinces, as an act of good faith, would surely bolster our relations.;;;;;;;;;;;;x
return_cores_CHM_title;Return cores to Chimu;;;;;;;;;;;;;;;;;;;;x,,
return_cores_CHM_desc;We hold provinces that Chimu has claims on. Returning these provinces, as an act of good faith, would surely bolster our relations.;;;;;;;;;;;;x
return_cores_CHN_title;Return cores to Chickasaw;;;;;;;;;;;;;;;;;;;;x,,
return_cores_CHN_desc;We hold provinces that Chickasaw has claims on. Returning these provinces, as an act of good faith, would surely bolster our relations.;;;;;;;;;;;;x
return_cores_CHT_title;Return cores to Chorti;;;;;;;;;;;;;;;;;;;;x,,
return_cores_CHT_desc;We hold provinces that Chorti has claims on. Returning these provinces, as an act of good faith, would surely bolster our relations.;;;;;;;;;;;;x
return_cores_CKW_title;Return cores to Chokwe;;;;;;;;;;;;;;;;;;;;x,,
return_cores_CKW_desc;We hold provinces that Chokwe has claims on. Returning these provinces, as an act of good faith, would surely bolster our relations.;;;;;;;;;;;;x
return_cores_CLC_title;Return cores to Cilicia;;;;;;;;;;;;;;;;;;;;x,,
return_cores_CLC_desc;We hold provinces that Cilicia has claims on. Returning these provinces, as an act of good faith, would surely bolster our relations.;;;;;;;;;;;;x
return_cores_CMA_title;Return cores to Colima;;;;;;;;;;;;;;;;;;;;x,,
return_cores_CMA_desc;We hold provinces that Colima has claims on. Returning these provinces, as an act of good faith, would surely bolster our relations.;;;;;;;;;;;;x
return_cores_CRA_title;Return cores to Charca;;;;;;;;;;;;;;;;;;;;x,,
return_cores_CRA_desc;We hold provinces that Charca has claims on. Returning these provinces, as an act of good faith, would surely bolster our relations.;;;;;;;;;;;;x
return_cores_CRK_title;Return cores to Creek;;;;;;;;;;;;;;;;;;;;x,,
return_cores_CRK_desc;We hold provinces that Creek has claims on. Returning these provinces, as an act of good faith, would surely bolster our relations.;;;;;;;;;;;;x
return_cores_CRT_title;Return cores to Carinthia;;;;;;;;;;;;;;;;;;;;x,,
return_cores_CRT_desc;We hold provinces that Carinthia has claims on. Returning these provinces, as an act of good faith, would surely bolster our relations.;;;;;;;;;;;;x
return_cores_CSH_title;Return cores to Shun;;;;;;;;;;;;;;;;;;;;x,,
return_cores_CSH_desc;We hold provinces that Shun has claims on. Returning these provinces, as an act of good faith, would surely bolster our relations.;;;;;;;;;;;;x
return_cores_CST_title;Return cores to Castille;;;;;;;;;;;;;;;;;;;;x,,
return_cores_CST_desc;We hold provinces that Castille has claims on. Returning these provinces, as an act of good faith, would surely bolster our relations.;;;;;;;;;;;;x
return_cores_CSU_title;Return cores to Cusco;;;;;;;;;;;;;;;;;;;;x,,
return_cores_CSU_desc;We hold provinces that Cusco has claims on. Returning these provinces, as an act of good faith, would surely bolster our relations.;;;;;;;;;;;;x
return_cores_CUA_title;Return cores to Charrua;;;;;;;;;;;;;;;;;;;;x,,
return_cores_CUA_desc;We hold provinces that Charrua has claims on. Returning these provinces, as an act of good faith, would surely bolster our relations.;;;;;;;;;;;;x
return_cores_CWU_title;Return cores to Wu;;;;;;;;;;;;;;;;;;;;x,,
return_cores_CWU_desc;We hold provinces that Wu has claims on. Returning these provinces, as an act of good faith, would surely bolster our relations.;;;;;;;;;;;;x
return_cores_CXI_title;Return cores to Xi;;;;;;;;;;;;;;;;;;;;x,,
return_cores_CXI_desc;We hold provinces that Xi has claims on. Returning these provinces, as an act of good faith, would surely bolster our relations.;;;;;;;;;;;;x
return_cores_CYA_title;Return cores to Chachapoya;;;;;;;;;;;;;;;;;;;;x,,
return_cores_CYA_desc;We hold provinces that Chachapoya has claims on. Returning these provinces, as an act of good faith, would surely bolster our relations.;;;;;;;;;;;;x
return_cores_DAK_title;Return cores to Lakota;;;;;;;;;;;;;;;;;;;;x,,
return_cores_DAK_desc;We hold provinces that Lakota has claims on. Returning these provinces, as an act of good faith, would surely bolster our relations.;;;;;;;;;;;;x
return_cores_DES_title;Return cores to Nouveaux Pays-Bas;;;;;;;;;;;;;;;;;;;;x,,
return_cores_DES_desc;We hold provinces that Nouveaux Pays-Bas has claims on. Returning these provinces, as an act of good faith, would surely bolster our relations.;;;;;;;;;;;;x
return_cores_DJA_title;Return cores to Jambi;;;;;;;;;;;;;;;;;;;;x,,
return_cores_DJA_desc;We hold provinces that Jambi has claims on. Returning these provinces, as an act of good faith, would surely bolster our relations.;;;;;;;;;;;;x
return_cores_DLM_title;Return cores to Dalmatia;;;;;;;;;;;;;;;;;;;;x,,
return_cores_DLM_desc;We hold provinces that Dalmatia has claims on. Returning these provinces, as an act of good faith, would surely bolster our relations.;;;;;;;;;;;;x
return_cores_EGY_title;Return cores to Mamluks;;;;;;;;;;;;;;;;;;;;x,,
return_cores_EGY_desc;We hold provinces that Mamluks has claims on. Returning these provinces, as an act of good faith, would surely bolster our relations.;;;;;;;;;;;;x
return_cores_ENL_title;Return cores to England;;;;;;;;;;;;;;;;;;;;x,,
return_cores_ENL_desc;We hold provinces that England has claims on. Returning these provinces, as an act of good faith, would surely bolster our relations.;;;;;;;;;;;;x
return_cores_ETH_title;Return cores to Abyssinia;;;;;;;;;;;;;;;;;;;;x,,
return_cores_ETH_desc;We hold provinces that Abyssinia has claims on. Returning these provinces, as an act of good faith, would surely bolster our relations.;;;;;;;;;;;;x
return_cores_FEO_title;Return cores to Theodoro;;;;;;;;;;;;;;;;;;;;x,,
return_cores_FEO_desc;We hold provinces that Theodoro has claims on. Returning these provinces, as an act of good faith, would surely bolster our relations.;;;;;;;;;;;;x
return_cores_FER_title;Return cores to Ferrara;;;;;;;;;;;;;;;;;;;;x,,
return_cores_FER_desc;We hold provinces that Ferrara has claims on. Returning these provinces, as an act of good faith, would surely bolster our relations.;;;;;;;;;;;;x
return_cores_FJL_title;Return cores to Lau;;;;;;;;;;;;;;;;;;;;x,,
return_cores_FJL_desc;We hold provinces that Lau has claims on. Returning these provinces, as an act of good faith, would surely bolster our relations.;;;;;;;;;;;;x
return_cores_FJV_title;Return cores to Viti Levu;;;;;;;;;;;;;;;;;;;;x,,
return_cores_FJV_desc;We hold provinces that Viti Levu has claims on. Returning these provinces, as an act of good faith, would surely bolster our relations.;;;;;;;;;;;;x
return_cores_FJW_title;Return cores to Vanua Levu;;;;;;;;;;;;;;;;;;;;x,,
return_cores_FJW_desc;We hold provinces that Vanua Levu has claims on. Returning these provinces, as an act of good faith, would surely bolster our relations.;;;;;;;;;;;;x
return_cores_FLA_title;Return cores to Flanders;;;;;;;;;;;;;;;;;;;;x,,
return_cores_FLA_desc;We hold provinces that Flanders has claims on. Returning these provinces, as an act of good faith, would surely bolster our relations.;;;;;;;;;;;;x
return_cores_FRA_title;Return cores to Francia;;;;;;;;;;;;;;;;;;;;x,,
return_cores_FRA_desc;We hold provinces that Francia has claims on. Returning these provinces, as an act of good faith, would surely bolster our relations.;;;;;;;;;;;;x
return_cores_FRI_title;Return cores to Frisia;;;;;;;;;;;;;;;;;;;;x,,
return_cores_FRI_desc;We hold provinces that Frisia has claims on. Returning these provinces, as an act of good faith, would surely bolster our relations.;;;;;;;;;;;;x
return_cores_FUL_title;Return cores to Fulo;;;;;;;;;;;;;;;;;;;;x,,
return_cores_FUL_desc;We hold provinces that Fulo has claims on. Returning these provinces, as an act of good faith, would surely bolster our relations.;;;;;;;;;;;;x
return_cores_GAM_title;Return cores to Guamar;;;;;;;;;;;;;;;;;;;;x,,
return_cores_GAM_desc;We hold provinces that Guamar has claims on. Returning these provinces, as an act of good faith, would surely bolster our relations.;;;;;;;;;;;;x
return_cores_GEN_title;Return cores to Genoa;;;;;;;;;;;;;;;;;;;;x,,
return_cores_GEN_desc;We hold provinces that Genoa has claims on. Returning these provinces, as an act of good faith, would surely bolster our relations.;;;;;;;;;;;;x
return_cores_GEO_title;Return cores to Georgia;;;;;;;;;;;;;;;;;;;;x,,
return_cores_GEO_desc;We hold provinces that Georgia has claims on. Returning these provinces, as an act of good faith, would surely bolster our relations.;;;;;;;;;;;;x
return_cores_GER_title;Return cores to Germany;;;;;;;;;;;;;;;;;;;;x,,
return_cores_GER_desc;We hold provinces that Germany has claims on. Returning these provinces, as an act of good faith, would surely bolster our relations.;;;;;;;;;;;;x
return_cores_GHR_title;Return cores to Garhwal;;;;;;;;;;;;;;;;;;;;x,,
return_cores_GHR_desc;We hold provinces that Garhwal has claims on. Returning these provinces, as an act of good faith, would surely bolster our relations.;;;;;;;;;;;;x
return_cores_GOC_title;Return cores to Golkonda;;;;;;;;;;;;;;;;;;;;x,,
return_cores_GOC_desc;We hold provinces that Golkonda has claims on. Returning these provinces, as an act of good faith, would surely bolster our relations.;;;;;;;;;;;;x
return_cores_GRA_title;Return cores to Granada;;;;;;;;;;;;;;;;;;;;x,,
return_cores_GRA_desc;We hold provinces that Granada has claims on. Returning these provinces, as an act of good faith, would surely bolster our relations.;;;;;;;;;;;;x
return_cores_GRE_title;Return cores to Greece;;;;;;;;;;;;;;;;;;;;x,,
return_cores_GRE_desc;We hold provinces that Greece has claims on. Returning these provinces, as an act of good faith, would surely bolster our relations.;;;;;;;;;;;;x
return_cores_GRI_title;Return cores to Guarani;;;;;;;;;;;;;;;;;;;;x,,
return_cores_GRI_desc;We hold provinces that Guarani has claims on. Returning these provinces, as an act of good faith, would surely bolster our relations.;;;;;;;;;;;;x
return_cores_GYN_title;Return cores to Aquitaine;;;;;;;;;;;;;;;;;;;;x,,
return_cores_GYN_desc;We hold provinces that Aquitaine has claims on. Returning these provinces, as an act of good faith, would surely bolster our relations.;;;;;;;;;;;;x
return_cores_HAI_title;Return cores to Haiti;;;;;;;;;;;;;;;;;;;;x,,
return_cores_HAI_desc;We hold provinces that Haiti has claims on. Returning these provinces, as an act of good faith, would surely bolster our relations.;;;;;;;;;;;;x
return_cores_HAN_title;Return cores to Hanover;;;;;;;;;;;;;;;;;;;;x,,
return_cores_HAN_desc;We hold provinces that Hanover has claims on. Returning these provinces, as an act of good faith, would surely bolster our relations.;;;;;;;;;;;;x
return_cores_HAT_title;Return cores to Hainaut;;;;;;;;;;;;;;;;;;;;x,,
return_cores_HAT_desc;We hold provinces that Hainaut has claims on. Returning these provinces, as an act of good faith, would surely bolster our relations.;;;;;;;;;;;;x
return_cores_HAU_title;Return cores to Hausa;;;;;;;;;;;;;;;;;;;;x,,
return_cores_HAU_desc;We hold provinces that Hausa has claims on. Returning these provinces, as an act of good faith, would surely bolster our relations.;;;;;;;;;;;;x
return_cores_HDA_title;Return cores to Haida;;;;;;;;;;;;;;;;;;;;x,,
return_cores_HDA_desc;We hold provinces that Haida has claims on. Returning these provinces, as an act of good faith, would surely bolster our relations.;;;;;;;;;;;;x
return_cores_HES_title;Return cores to Hesse;;;;;;;;;;;;;;;;;;;;x,,
return_cores_HES_desc;We hold provinces that Hesse has claims on. Returning these provinces, as an act of good faith, would surely bolster our relations.;;;;;;;;;;;;x
return_cores_HSI_title;Return cores to Hsipaw;;;;;;;;;;;;;;;;;;;;x,,
return_cores_HSI_desc;We hold provinces that Hsipaw has claims on. Returning these provinces, as an act of good faith, would surely bolster our relations.;;;;;;;;;;;;x
return_cores_HUA_title;Return cores to Huai;;;;;;;;;;;;;;;;;;;;x,,
return_cores_HUA_desc;We hold provinces that Huai has claims on. Returning these provinces, as an act of good faith, would surely bolster our relations.;;;;;;;;;;;;x
return_cores_HWH_title;Return cores to Hawai'i;;;;;;;;;;;;;;;;;;;;x,,
return_cores_HWH_desc;We hold provinces that Hawai'i has claims on. Returning these provinces, as an act of good faith, would surely bolster our relations.;;;;;;;;;;;;x
return_cores_HWK_title;Return cores to Kaua'i;;;;;;;;;;;;;;;;;;;;x,,
return_cores_HWK_desc;We hold provinces that Kaua'i has claims on. Returning these provinces, as an act of good faith, would surely bolster our relations.;;;;;;;;;;;;x
return_cores_HWM_title;Return cores to Maui;;;;;;;;;;;;;;;;;;;;x,,
return_cores_HWM_desc;We hold provinces that Maui has claims on. Returning these provinces, as an act of good faith, would surely bolster our relations.;;;;;;;;;;;;x
return_cores_HWO_title;Return cores to O'ahu;;;;;;;;;;;;;;;;;;;;x,,
return_cores_HWO_desc;We hold provinces that O'ahu has claims on. Returning these provinces, as an act of good faith, would surely bolster our relations.;;;;;;;;;;;;x
return_cores_ILL_title;Return cores to Illiniwek;;;;;;;;;;;;;;;;;;;;x,,
return_cores_ILL_desc;We hold provinces that Illiniwek has claims on. Returning these provinces, as an act of good faith, would surely bolster our relations.;;;;;;;;;;;;x
return_cores_IRO_title;Return cores to Iroquois;;;;;;;;;;;;;;;;;;;;x,,
return_cores_IRO_desc;We hold provinces that Iroquois has claims on. Returning these provinces, as an act of good faith, would surely bolster our relations.;;;;;;;;;;;;x
return_cores_IRQ_title;Return cores to Iraq;;;;;;;;;;;;;;;;;;;;x,,
return_cores_IRQ_desc;We hold provinces that Iraq has claims on. Returning these provinces, as an act of good faith, would surely bolster our relations.;;;;;;;;;;;;x
return_cores_IST_title;Return cores to Isleta;;;;;;;;;;;;;;;;;;;;x,,
return_cores_IST_desc;We hold provinces that Isleta has claims on. Returning these provinces, as an act of good faith, would surely bolster our relations.;;;;;;;;;;;;x
return_cores_ITA_title;Return cores to Italy;;;;;;;;;;;;;;;;;;;;x,,
return_cores_ITA_desc;We hold provinces that Italy has claims on. Returning these provinces, as an act of good faith, would surely bolster our relations.;;;;;;;;;;;;x
return_cores_JAP_title;Return cores to Japan;;;;;;;;;;;;;;;;;;;;x,,
return_cores_JAP_desc;We hold provinces that Japan has claims on. Returning these provinces, as an act of good faith, would surely bolster our relations.;;;;;;;;;;;;x
return_cores_JGD_title;Return cores to Junagarh;;;;;;;;;;;;;;;;;;;;x,,
return_cores_JGD_desc;We hold provinces that Junagarh has claims on. Returning these provinces, as an act of good faith, would surely bolster our relations.;;;;;;;;;;;;x
return_cores_JIM_title;Return cores to Jimma;;;;;;;;;;;;;;;;;;;;x,,
return_cores_JIM_desc;We hold provinces that Jimma has claims on. Returning these provinces, as an act of good faith, would surely bolster our relations.;;;;;;;;;;;;x
return_cores_JIN_title;Return cores to Jin;;;;;;;;;;;;;;;;;;;;x,,
return_cores_JIN_desc;We hold provinces that Jin has claims on. Returning these provinces, as an act of good faith, would surely bolster our relations.;;;;;;;;;;;;x
return_cores_JNN_title;Return cores to Djenne;;;;;;;;;;;;;;;;;;;;x,,
return_cores_JNN_desc;We hold provinces that Djenne has claims on. Returning these provinces, as an act of good faith, would surely bolster our relations.;;;;;;;;;;;;x
return_cores_KAF_title;Return cores to Kaffa;;;;;;;;;;;;;;;;;;;;x,,
return_cores_KAF_desc;We hold provinces that Kaffa has claims on. Returning these provinces, as an act of good faith, would surely bolster our relations.;;;;;;;;;;;;x
return_cores_KBO_title;Return cores to Kanem;;;;;;;;;;;;;;;;;;;;x,,
return_cores_KBO_desc;We hold provinces that Kanem has claims on. Returning these provinces, as an act of good faith, would surely bolster our relations.;;;;;;;;;;;;x
return_cores_KCX_title;Return cores to Koch;;;;;;;;;;;;;;;;;;;;x,,
return_cores_KCX_desc;We hold provinces that Koch has claims on. Returning these provinces, as an act of good faith, would surely bolster our relations.;;;;;;;;;;;;x
return_cores_KHA_title;Return cores to Mongolia;;;;;;;;;;;;;;;;;;;;x,,
return_cores_KHA_desc;We hold provinces that Mongolia has claims on. Returning these provinces, as an act of good faith, would surely bolster our relations.;;;;;;;;;;;;x
return_cores_KIK_title;Return cores to Kikondja;;;;;;;;;;;;;;;;;;;;x,,
return_cores_KIK_desc;We hold provinces that Kikondja has claims on. Returning these provinces, as an act of good faith, would surely bolster our relations.;;;;;;;;;;;;x
return_cores_KIO_title;Return cores to Kiowa;;;;;;;;;;;;;;;;;;;;x,,
return_cores_KIO_desc;We hold provinces that Kiowa has claims on. Returning these provinces, as an act of good faith, would surely bolster our relations.;;;;;;;;;;;;x
return_cores_KLD_title;Return cores to Kalundwe;;;;;;;;;;;;;;;;;;;;x,,
return_cores_KLD_desc;We hold provinces that Kalundwe has claims on. Returning these provinces, as an act of good faith, would surely bolster our relations.;;;;;;;;;;;;x
return_cores_KLK_title;Return cores to Khalkha;;;;;;;;;;;;;;;;;;;;x,,
return_cores_KLK_desc;We hold provinces that Khalkha has claims on. Returning these provinces, as an act of good faith, would surely bolster our relations.;;;;;;;;;;;;x
return_cores_KNG_title;Return cores to Kong;;;;;;;;;;;;;;;;;;;;x,,
return_cores_KNG_desc;We hold provinces that Kong has claims on. Returning these provinces, as an act of good faith, would surely bolster our relations.;;;;;;;;;;;;x
return_cores_KON_title;Return cores to Kongo;;;;;;;;;;;;;;;;;;;;x,,
return_cores_KON_desc;We hold provinces that Kongo has claims on. Returning these provinces, as an act of good faith, would surely bolster our relations.;;;;;;;;;;;;x
return_cores_KOR_title;Return cores to Korea;;;;;;;;;;;;;;;;;;;;x,,
return_cores_KOR_desc;We hold provinces that Korea has claims on. Returning these provinces, as an act of good faith, would surely bolster our relations.;;;;;;;;;;;;x
return_cores_KRC_title;Return cores to Korchin;;;;;;;;;;;;;;;;;;;;x,,
return_cores_KRC_desc;We hold provinces that Korchin has claims on. Returning these provinces, as an act of good faith, would surely bolster our relations.;;;;;;;;;;;;x
return_cores_KRW_title;Return cores to Karagwe;;;;;;;;;;;;;;;;;;;;x,,
return_cores_KRW_desc;We hold provinces that Karagwe has claims on. Returning these provinces, as an act of good faith, would surely bolster our relations.;;;;;;;;;;;;x
return_cores_KSJ_title;Return cores to Kasanje;;;;;;;;;;;;;;;;;;;;x,,
return_cores_KSJ_desc;We hold provinces that Kasanje has claims on. Returning these provinces, as an act of good faith, would surely bolster our relations.;;;;;;;;;;;;x
return_cores_KUB_title;Return cores to Kuba;;;;;;;;;;;;;;;;;;;;x,,
return_cores_KUB_desc;We hold provinces that Kuba has claims on. Returning these provinces, as an act of good faith, would surely bolster our relations.;;;;;;;;;;;;x
return_cores_KZB_title;Return cores to Kazembe;;;;;;;;;;;;;;;;;;;;x,,
return_cores_KZB_desc;We hold provinces that Kazembe has claims on. Returning these provinces, as an act of good faith, would surely bolster our relations.;;;;;;;;;;;;x
return_cores_LAC_title;Return cores to Tzotzil;;;;;;;;;;;;;;;;;;;;x,,
return_cores_LAC_desc;We hold provinces that Tzotzil has claims on. Returning these provinces, as an act of good faith, would surely bolster our relations.;;;;;;;;;;;;x
return_cores_LAN_title;Return cores to Lanfang;;;;;;;;;;;;;;;;;;;;x,,
return_cores_LAN_desc;We hold provinces that Lanfang has claims on. Returning these provinces, as an act of good faith, would surely bolster our relations.;;;;;;;;;;;;x
return_cores_LBA_title;Return cores to Luba;;;;;;;;;;;;;;;;;;;;x,,
return_cores_LBA_desc;We hold provinces that Luba has claims on. Returning these provinces, as an act of good faith, would surely bolster our relations.;;;;;;;;;;;;x
return_cores_LNA_title;Return cores to Lan Na;;;;;;;;;;;;;;;;;;;;x,,
return_cores_LNA_desc;We hold provinces that Lan Na has claims on. Returning these provinces, as an act of good faith, would surely bolster our relations.;;;;;;;;;;;;x
return_cores_LNG_title;Return cores to Liang;;;;;;;;;;;;;;;;;;;;x,,
return_cores_LNG_desc;We hold provinces that Liang has claims on. Returning these provinces, as an act of good faith, would surely bolster our relations.;;;;;;;;;;;;x
return_cores_LOM_title;Return cores to Milan;;;;;;;;;;;;;;;;;;;;x,,
return_cores_LOM_desc;We hold provinces that Milan has claims on. Returning these provinces, as an act of good faith, would surely bolster our relations.;;;;;;;;;;;;x
return_cores_LOT_title;Return cores to Lotharingia;;;;;;;;;;;;;;;;;;;;x,,
return_cores_LOT_desc;We hold provinces that Lotharingia has claims on. Returning these provinces, as an act of good faith, would surely bolster our relations.;;;;;;;;;;;;x
return_cores_LOU_title;Return cores to Louisiana;;;;;;;;;;;;;;;;;;;;x,,
return_cores_LOU_desc;We hold provinces that Louisiana has claims on. Returning these provinces, as an act of good faith, would surely bolster our relations.;;;;;;;;;;;;x
return_cores_LPN_title;Return cores to Lipan;;;;;;;;;;;;;;;;;;;;x,,
return_cores_LPN_desc;We hold provinces that Lipan has claims on. Returning these provinces, as an act of good faith, would surely bolster our relations.;;;;;;;;;;;;x
return_cores_LTN_title;Return cores to Latin Empire;;;;;;;;;;;;;;;;;;;;x,,
return_cores_LTN_desc;We hold provinces that Latin Empire has claims on. Returning these provinces, as an act of good faith, would surely bolster our relations.;;;;;;;;;;;;x
return_cores_LUA_title;Return cores to Luang Prabang;;;;;;;;;;;;;;;;;;;;x,,
return_cores_LUA_desc;We hold provinces that Luang Prabang has claims on. Returning these provinces, as an act of good faith, would surely bolster our relations.;;;;;;;;;;;;x
return_cores_LUN_title;Return cores to Lunda;;;;;;;;;;;;;;;;;;;;x,,
return_cores_LUN_desc;We hold provinces that Lunda has claims on. Returning these provinces, as an act of good faith, would surely bolster our relations.;;;;;;;;;;;;x
return_cores_LXA_title;Return cores to Lan Xang;;;;;;;;;;;;;;;;;;;;x,,
return_cores_LXA_desc;We hold provinces that Lan Xang has claims on. Returning these provinces, as an act of good faith, would surely bolster our relations.;;;;;;;;;;;;x
return_cores_MBL_title;Return cores to Bishnupur;;;;;;;;;;;;;;;;;;;;x,,
return_cores_MBL_desc;We hold provinces that Bishnupur has claims on. Returning these provinces, as an act of good faith, would surely bolster our relations.;;;;;;;;;;;;x
return_cores_MCA_title;Return cores to Muisca;;;;;;;;;;;;;;;;;;;;x,,
return_cores_MCA_desc;We hold provinces that Muisca has claims on. Returning these provinces, as an act of good faith, would surely bolster our relations.;;;;;;;;;;;;x
return_cores_MED_title;Return cores to Medri Bahri;;;;;;;;;;;;;;;;;;;;x,,
return_cores_MED_desc;We hold provinces that Medri Bahri has claims on. Returning these provinces, as an act of good faith, would surely bolster our relations.;;;;;;;;;;;;x
return_cores_MEW_title;Return cores to Mewar;;;;;;;;;;;;;;;;;;;;x,,
return_cores_MEW_desc;We hold provinces that Mewar has claims on. Returning these provinces, as an act of good faith, would surely bolster our relations.;;;;;;;;;;;;x
return_cores_MEX_title;Return cores to Nouvelle Catalogne;;;;;;;;;;;;;;;;;;;;x,,
return_cores_MEX_desc;We hold provinces that Nouvelle Catalogne has claims on. Returning these provinces, as an act of good faith, would surely bolster our relations.;;;;;;;;;;;;x
return_cores_MHR_title;Return cores to Mahra;;;;;;;;;;;;;;;;;;;;x,,
return_cores_MHR_desc;We hold provinces that Mahra has claims on. Returning these provinces, as an act of good faith, would surely bolster our relations.;;;;;;;;;;;;x
return_cores_MIX_title;Return cores to Mixtec;;;;;;;;;;;;;;;;;;;;x,,
return_cores_MIX_desc;We hold provinces that Mixtec has claims on. Returning these provinces, as an act of good faith, would surely bolster our relations.;;;;;;;;;;;;x
return_cores_MJP_title;Return cores to Majapahit;;;;;;;;;;;;;;;;;;;;x,,
return_cores_MJP_desc;We hold provinces that Majapahit has claims on. Returning these provinces, as an act of good faith, would surely bolster our relations.;;;;;;;;;;;;x
return_cores_MKU_title;Return cores to Makua;;;;;;;;;;;;;;;;;;;;x,,
return_cores_MKU_desc;We hold provinces that Makua has claims on. Returning these provinces, as an act of good faith, would surely bolster our relations.;;;;;;;;;;;;x
return_cores_MLC_title;Return cores to Malacca;;;;;;;;;;;;;;;;;;;;x,,
return_cores_MLC_desc;We hold provinces that Malacca has claims on. Returning these provinces, as an act of good faith, would surely bolster our relations.;;;;;;;;;;;;x
return_cores_MLI_title;Return cores to Mali;;;;;;;;;;;;;;;;;;;;x,,
return_cores_MLI_desc;We hold provinces that Mali has claims on. Returning these provinces, as an act of good faith, would surely bolster our relations.;;;;;;;;;;;;x
return_cores_MLK_title;Return cores to Karabakh;;;;;;;;;;;;;;;;;;;;x,,
return_cores_MLK_desc;We hold provinces that Karabakh has claims on. Returning these provinces, as an act of good faith, would surely bolster our relations.;;;;;;;;;;;;x
return_cores_MLW_title;Return cores to Maravi;;;;;;;;;;;;;;;;;;;;x,,
return_cores_MLW_desc;We hold provinces that Maravi has claims on. Returning these provinces, as an act of good faith, would surely bolster our relations.;;;;;;;;;;;;x
return_cores_MOR_title;Return cores to Bonifazi Maghreb;;;;;;;;;;;;;;;;;;;;x,,
return_cores_MOR_desc;We hold provinces that Bonifazi Maghreb has claims on. Returning these provinces, as an act of good faith, would surely bolster our relations.;;;;;;;;;;;;x
return_cores_MRI_title;Return cores to Mori;;;;;;;;;;;;;;;;;;;;x,,
return_cores_MRI_desc;We hold provinces that Mori has claims on. Returning these provinces, as an act of good faith, would surely bolster our relations.;;;;;;;;;;;;x
return_cores_MRT_title;Return cores to Marathas;;;;;;;;;;;;;;;;;;;;x,,
return_cores_MRT_desc;We hold provinces that Marathas has claims on. Returning these provinces, as an act of good faith, would surely bolster our relations.;;;;;;;;;;;;x
return_cores_MSC_title;Return cores to Mescalero;;;;;;;;;;;;;;;;;;;;x,,
return_cores_MSC_desc;We hold provinces that Mescalero has claims on. Returning these provinces, as an act of good faith, would surely bolster our relations.;;;;;;;;;;;;x
return_cores_MSK_title;Return cores to Miskito;;;;;;;;;;;;;;;;;;;;x,,
return_cores_MSK_desc;We hold provinces that Miskito has claims on. Returning these provinces, as an act of good faith, would surely bolster our relations.;;;;;;;;;;;;x
return_cores_MTL_title;Return cores to Matlatzinca;;;;;;;;;;;;;;;;;;;;x,,
return_cores_MTL_desc;We hold provinces that Matlatzinca has claims on. Returning these provinces, as an act of good faith, would surely bolster our relations.;;;;;;;;;;;;x
return_cores_MYS_title;Return cores to Mysore;;;;;;;;;;;;;;;;;;;;x,,
return_cores_MYS_desc;We hold provinces that Mysore has claims on. Returning these provinces, as an act of good faith, would surely bolster our relations.;;;;;;;;;;;;x
return_cores_NAK_title;Return cores to Nakawe;;;;;;;;;;;;;;;;;;;;x,,
return_cores_NAK_desc;We hold provinces that Nakawe has claims on. Returning these provinces, as an act of good faith, would surely bolster our relations.;;;;;;;;;;;;x
return_cores_NAV_title;Return cores to Navarra;;;;;;;;;;;;;;;;;;;;x,,
return_cores_NAV_desc;We hold provinces that Navarra has claims on. Returning these provinces, as an act of good faith, would surely bolster our relations.;;;;;;;;;;;;x
return_cores_NDO_title;Return cores to Ndongo;;;;;;;;;;;;;;;;;;;;x,,
return_cores_NDO_desc;We hold provinces that Ndongo has claims on. Returning these provinces, as an act of good faith, would surely bolster our relations.;;;;;;;;;;;;x
return_cores_NEJ_title;Return cores to Najd;;;;;;;;;;;;;;;;;;;;x,,
return_cores_NEJ_desc;We hold provinces that Najd has claims on. Returning these provinces, as an act of good faith, would surely bolster our relations.;;;;;;;;;;;;x
return_cores_NEP_title;Return cores to Nepal;;;;;;;;;;;;;;;;;;;;x,,
return_cores_NEP_desc;We hold provinces that Nepal has claims on. Returning these provinces, as an act of good faith, would surely bolster our relations.;;;;;;;;;;;;x
return_cores_NET_title;Return cores to Netherlands;;;;;;;;;;;;;;;;;;;;x,,
return_cores_NET_desc;We hold provinces that Netherlands has claims on. Returning these provinces, as an act of good faith, would surely bolster our relations.;;;;;;;;;;;;x
return_cores_NKO_title;Return cores to Nkore;;;;;;;;;;;;;;;;;;;;x,,
return_cores_NKO_desc;We hold provinces that Nkore has claims on. Returning these provinces, as an act of good faith, would surely bolster our relations.;;;;;;;;;;;;x
return_cores_NNG_title;Return cores to Ning;;;;;;;;;;;;;;;;;;;;x,,
return_cores_NNG_desc;We hold provinces that Ning has claims on. Returning these provinces, as an act of good faith, would surely bolster our relations.;;;;;;;;;;;;x
return_cores_NOG_title;Return cores to Nogai;;;;;;;;;;;;;;;;;;;;x,,
return_cores_NOG_desc;We hold provinces that Nogai has claims on. Returning these provinces, as an act of good faith, would surely bolster our relations.;;;;;;;;;;;;x
return_cores_NOR_title;Return cores to Norway;;;;;;;;;;;;;;;;;;;;x,,
return_cores_NOR_desc;We hold provinces that Norway has claims on. Returning these provinces, as an act of good faith, would surely bolster our relations.;;;;;;;;;;;;x
return_cores_NRM_title;Return cores to Normandy;;;;;;;;;;;;;;;;;;;;x,,
return_cores_NRM_desc;We hold provinces that Normandy has claims on. Returning these provinces, as an act of good faith, would surely bolster our relations.;;;;;;;;;;;;x
return_cores_NTZ_title;Return cores to Natchez;;;;;;;;;;;;;;;;;;;;x,,
return_cores_NTZ_desc;We hold provinces that Natchez has claims on. Returning these provinces, as an act of good faith, would surely bolster our relations.;;;;;;;;;;;;x
return_cores_NUB_title;Return cores to Funj;;;;;;;;;;;;;;;;;;;;x,,
return_cores_NUB_desc;We hold provinces that Funj has claims on. Returning these provinces, as an act of good faith, would surely bolster our relations.;;;;;;;;;;;;x
return_cores_NUP_title;Return cores to Nupe;;;;;;;;;;;;;;;;;;;;x,,
return_cores_NUP_desc;We hold provinces that Nupe has claims on. Returning these provinces, as an act of good faith, would surely bolster our relations.;;;;;;;;;;;;x
return_cores_OEO_title;Return cores to Oneota;;;;;;;;;;;;;;;;;;;;x,,
return_cores_OEO_desc;We hold provinces that Oneota has claims on. Returning these provinces, as an act of good faith, would surely bolster our relations.;;;;;;;;;;;;x
return_cores_OGD_title;Return cores to Ogaadeen;;;;;;;;;;;;;;;;;;;;x,,
return_cores_OGD_desc;We hold provinces that Ogaadeen has claims on. Returning these provinces, as an act of good faith, would surely bolster our relations.;;;;;;;;;;;;x
return_cores_OJI_title;Return cores to Ojibwe;;;;;;;;;;;;;;;;;;;;x,,
return_cores_OJI_desc;We hold provinces that Ojibwe has claims on. Returning these provinces, as an act of good faith, would surely bolster our relations.;;;;;;;;;;;;x
return_cores_OMA_title;Return cores to Oman;;;;;;;;;;;;;;;;;;;;x,,
return_cores_OMA_desc;We hold provinces that Oman has claims on. Returning these provinces, as an act of good faith, would surely bolster our relations.;;;;;;;;;;;;x
return_cores_ORI_title;Return cores to Nripakamids;;;;;;;;;;;;;;;;;;;;x,,
return_cores_ORI_desc;We hold provinces that Nripakamids has claims on. Returning these provinces, as an act of good faith, would surely bolster our relations.;;;;;;;;;;;;x
return_cores_OTM_title;Return cores to Otomo;;;;;;;;;;;;;;;;;;;;x,,
return_cores_OTM_desc;We hold provinces that Otomo has claims on. Returning these provinces, as an act of good faith, would surely bolster our relations.;;;;;;;;;;;;x
return_cores_OTO_title;Return cores to Otomi;;;;;;;;;;;;;;;;;;;;x,,
return_cores_OTO_desc;We hold provinces that Otomi has claims on. Returning these provinces, as an act of good faith, would surely bolster our relations.;;;;;;;;;;;;x
return_cores_OYO_title;Return cores to Oyo;;;;;;;;;;;;;;;;;;;;x,,
return_cores_OYO_desc;We hold provinces that Oyo has claims on. Returning these provinces, as an act of good faith, would surely bolster our relations.;;;;;;;;;;;;x
return_cores_PAT_title;Return cores to Pattani;;;;;;;;;;;;;;;;;;;;x,,
return_cores_PAT_desc;We hold provinces that Pattani has claims on. Returning these provinces, as an act of good faith, would surely bolster our relations.;;;;;;;;;;;;x
return_cores_PAW_title;Return cores to Pawnee;;;;;;;;;;;;;;;;;;;;x,,
return_cores_PAW_desc;We hold provinces that Pawnee has claims on. Returning these provinces, as an act of good faith, would surely bolster our relations.;;;;;;;;;;;;x
return_cores_PEG_title;Return cores to Pegu;;;;;;;;;;;;;;;;;;;;x,,
return_cores_PEG_desc;We hold provinces that Pegu has claims on. Returning these provinces, as an act of good faith, would surely bolster our relations.;;;;;;;;;;;;x
return_cores_PEO_title;Return cores to Peoria;;;;;;;;;;;;;;;;;;;;x,,
return_cores_PEO_desc;We hold provinces that Peoria has claims on. Returning these provinces, as an act of good faith, would surely bolster our relations.;;;;;;;;;;;;x
return_cores_PEQ_title;Return cores to Pequot;;;;;;;;;;;;;;;;;;;;x,,
return_cores_PEQ_desc;We hold provinces that Pequot has claims on. Returning these provinces, as an act of good faith, would surely bolster our relations.;;;;;;;;;;;;x
return_cores_PEU_title;Return cores to Peru;;;;;;;;;;;;;;;;;;;;x,,
return_cores_PEU_desc;We hold provinces that Peru has claims on. Returning these provinces, as an act of good faith, would surely bolster our relations.;;;;;;;;;;;;x
return_cores_PGR_title;Return cores to Pagarruyung;;;;;;;;;;;;;;;;;;;;x,,
return_cores_PGR_desc;We hold provinces that Pagarruyung has claims on. Returning these provinces, as an act of good faith, would surely bolster our relations.;;;;;;;;;;;;x
return_cores_PIM_title;Return cores to Pima;;;;;;;;;;;;;;;;;;;;x,,
return_cores_PIM_desc;We hold provinces that Pima has claims on. Returning these provinces, as an act of good faith, would surely bolster our relations.;;;;;;;;;;;;x
return_cores_PLB_title;Return cores to Palembang;;;;;;;;;;;;;;;;;;;;x,,
return_cores_PLB_desc;We hold provinces that Palembang has claims on. Returning these provinces, as an act of good faith, would surely bolster our relations.;;;;;;;;;;;;x
return_cores_PLC_title;Return cores to Commonwealth;;;;;;;;;;;;;;;;;;;;x,,
return_cores_PLC_desc;We hold provinces that Commonwealth has claims on. Returning these provinces, as an act of good faith, would surely bolster our relations.;;;;;;;;;;;;x
return_cores_PLT_title;Return cores to Polotsk;;;;;;;;;;;;;;;;;;;;x,,
return_cores_PLT_desc;We hold provinces that Polotsk has claims on. Returning these provinces, as an act of good faith, would surely bolster our relations.;;;;;;;;;;;;x
return_cores_POR_title;Return cores to Portugal;;;;;;;;;;;;;;;;;;;;x,,
return_cores_POR_desc;We hold provinces that Portugal has claims on. Returning these provinces, as an act of good faith, would surely bolster our relations.;;;;;;;;;;;;x
return_cores_POW_title;Return cores to Powhatan;;;;;;;;;;;;;;;;;;;;x,,
return_cores_POW_desc;We hold provinces that Powhatan has claims on. Returning these provinces, as an act of good faith, would surely bolster our relations.;;;;;;;;;;;;x
return_cores_PRO_title;Return cores to Provence;;;;;;;;;;;;;;;;;;;;x,,
return_cores_PRO_desc;We hold provinces that Provence has claims on. Returning these provinces, as an act of good faith, would surely bolster our relations.;;;;;;;;;;;;x
return_cores_QTO_title;Return cores to Quito;;;;;;;;;;;;;;;;;;;;x,,
return_cores_QTO_desc;We hold provinces that Quito has claims on. Returning these provinces, as an act of good faith, would surely bolster our relations.;;;;;;;;;;;;x
return_cores_RDL_title;Return cores to Ardalan;;;;;;;;;;;;;;;;;;;;x,,
return_cores_RDL_desc;We hold provinces that Ardalan has claims on. Returning these provinces, as an act of good faith, would surely bolster our relations.;;;;;;;;;;;;x
return_cores_RUS_title;Return cores to Russia;;;;;;;;;;;;;;;;;;;;x,,
return_cores_RUS_desc;We hold provinces that Russia has claims on. Returning these provinces, as an act of good faith, would surely bolster our relations.;;;;;;;;;;;;x
return_cores_RWA_title;Return cores to Rwanda;;;;;;;;;;;;;;;;;;;;x,,
return_cores_RWA_desc;We hold provinces that Rwanda has claims on. Returning these provinces, as an act of good faith, would surely bolster our relations.;;;;;;;;;;;;x
return_cores_RYU_title;Return cores to Ryukyu;;;;;;;;;;;;;;;;;;;;x,,
return_cores_RYU_desc;We hold provinces that Ryukyu has claims on. Returning these provinces, as an act of good faith, would surely bolster our relations.;;;;;;;;;;;;x
return_cores_SAL_title;Return cores to Salish;;;;;;;;;;;;;;;;;;;;x,,
return_cores_SAL_desc;We hold provinces that Salish has claims on. Returning these provinces, as an act of good faith, would surely bolster our relations.;;;;;;;;;;;;x
return_cores_SAX_title;Return cores to Saxony;;;;;;;;;;;;;;;;;;;;x,,
return_cores_SAX_desc;We hold provinces that Saxony has claims on. Returning these provinces, as an act of good faith, would surely bolster our relations.;;;;;;;;;;;;x
return_cores_SCA_title;Return cores to Scandinavia;;;;;;;;;;;;;;;;;;;;x,,
return_cores_SCA_desc;We hold provinces that Scandinavia has claims on. Returning these provinces, as an act of good faith, would surely bolster our relations.;;;;;;;;;;;;x
return_cores_SGH_title;Return cores to Songhai;;;;;;;;;;;;;;;;;;;;x,,
return_cores_SGH_desc;We hold provinces that Songhai has claims on. Returning these provinces, as an act of good faith, would surely bolster our relations.;;;;;;;;;;;;x
return_cores_SHS_title;Return cores to Shoshone;;;;;;;;;;;;;;;;;;;;x,,
return_cores_SHS_desc;We hold provinces that Shoshone has claims on. Returning these provinces, as an act of good faith, would surely bolster our relations.;;;;;;;;;;;;x
return_cores_SHU_title;Return cores to Shu;;;;;;;;;;;;;;;;;;;;x,,
return_cores_SHU_desc;We hold provinces that Shu has claims on. Returning these provinces, as an act of good faith, would surely bolster our relations.;;;;;;;;;;;;x
return_cores_SIA_title;Return cores to Ayutthaya;;;;;;;;;;;;;;;;;;;;x,,
return_cores_SIA_desc;We hold provinces that Ayutthaya has claims on. Returning these provinces, as an act of good faith, would surely bolster our relations.;;;;;;;;;;;;x
return_cores_SIE_title;Return cores to Transylvania;;;;;;;;;;;;;;;;;;;;x,,
return_cores_SIE_desc;We hold provinces that Transylvania has claims on. Returning these provinces, as an act of good faith, would surely bolster our relations.;;;;;;;;;;;;x
return_cores_SIO_title;Return cores to Sioux;;;;;;;;;;;;;;;;;;;;x,,
return_cores_SIO_desc;We hold provinces that Sioux has claims on. Returning these provinces, as an act of good faith, would surely bolster our relations.;;;;;;;;;;;;x
return_cores_SKA_title;Return cores to Sakalava;;;;;;;;;;;;;;;;;;;;x,,
return_cores_SKA_desc;We hold provinces that Sakalava has claims on. Returning these provinces, as an act of good faith, would surely bolster our relations.;;;;;;;;;;;;x
return_cores_SLO_title;Return cores to Cilli;;;;;;;;;;;;;;;;;;;;x,,
return_cores_SLO_desc;We hold provinces that Cilli has claims on. Returning these provinces, as an act of good faith, would surely bolster our relations.;;;;;;;;;;;;x
return_cores_SLV_title;Return cores to Nyitra;;;;;;;;;;;;;;;;;;;;x,,
return_cores_SLV_desc;We hold provinces that Nyitra has claims on. Returning these provinces, as an act of good faith, would surely bolster our relations.;;;;;;;;;;;;x
return_cores_SMI_title;Return cores to Spmi;;;;;;;;;;;;;;;;;;;;x,,
return_cores_SMI_desc;We hold provinces that Spmi has claims on. Returning these provinces, as an act of good faith, would surely bolster our relations.;;;;;;;;;;;;x
return_cores_SMO_title;Return cores to Samoa;;;;;;;;;;;;;;;;;;;;x,,
return_cores_SMO_desc;We hold provinces that Samoa has claims on. Returning these provinces, as an act of good faith, would surely bolster our relations.;;;;;;;;;;;;x
return_cores_SOL_title;Return cores to Solon;;;;;;;;;;;;;;;;;;;;x,,
return_cores_SOL_desc;We hold provinces that Solon has claims on. Returning these provinces, as an act of good faith, would surely bolster our relations.;;;;;;;;;;;;x
return_cores_SON_title;Return cores to Sonora;;;;;;;;;;;;;;;;;;;;x,,
return_cores_SON_desc;We hold provinces that Sonora has claims on. Returning these provinces, as an act of good faith, would surely bolster our relations.;;;;;;;;;;;;x
return_cores_SRI_title;Return cores to Sinhala;;;;;;;;;;;;;;;;;;;;x,,
return_cores_SRI_desc;We hold provinces that Sinhala has claims on. Returning these provinces, as an act of good faith, would surely bolster our relations.;;;;;;;;;;;;x
return_cores_SUD_title;Return cores to Nubia;;;;;;;;;;;;;;;;;;;;x,,
return_cores_SUD_desc;We hold provinces that Nubia has claims on. Returning these provinces, as an act of good faith, would surely bolster our relations.;;;;;;;;;;;;x
return_cores_SUL_title;Return cores to Sulu;;;;;;;;;;;;;;;;;;;;x,,
return_cores_SUL_desc;We hold provinces that Sulu has claims on. Returning these provinces, as an act of good faith, would surely bolster our relations.;;;;;;;;;;;;x
return_cores_SUN_title;Return cores to Sunda;;;;;;;;;;;;;;;;;;;;x,,
return_cores_SUN_desc;We hold provinces that Sunda has claims on. Returning these provinces, as an act of good faith, would surely bolster our relations.;;;;;;;;;;;;x
return_cores_SVY_title;Return cores to Savoy;;;;;;;;;;;;;;;;;;;;x,,
return_cores_SVY_desc;We hold provinces that Savoy has claims on. Returning these provinces, as an act of good faith, would surely bolster our relations.;;;;;;;;;;;;x
return_cores_SWA_title;Return cores to Kilwa;;;;;;;;;;;;;;;;;;;;x,,
return_cores_SWA_desc;We hold provinces that Kilwa has claims on. Returning these provinces, as an act of good faith, would surely bolster our relations.;;;;;;;;;;;;x
return_cores_SWE_title;Return cores to Sweden;;;;;;;;;;;;;;;;;;;;x,,
return_cores_SWE_desc;We hold provinces that Sweden has claims on. Returning these provinces, as an act of good faith, would surely bolster our relations.;;;;;;;;;;;;x
return_cores_SWI_title;Return cores to Switzerland;;;;;;;;;;;;;;;;;;;;x,,
return_cores_SWI_desc;We hold provinces that Switzerland has claims on. Returning these provinces, as an act of good faith, would surely bolster our relations.;;;;;;;;;;;;x
return_cores_SYC_title;Return cores to Bonifazis;;;;;;;;;;;;;;;;;;;;x,,
return_cores_SYC_desc;We hold provinces that Bonifazis has claims on. Returning these provinces, as an act of good faith, would surely bolster our relations.;;;;;;;;;;;;x
return_cores_SYR_title;Return cores to Sadiqids;;;;;;;;;;;;;;;;;;;;x,,
return_cores_SYR_desc;We hold provinces that Sadiqids has claims on. Returning these provinces, as an act of good faith, would surely bolster our relations.;;;;;;;;;;;;x
return_cores_TAB_title;Return cores to Mazandaran;;;;;;;;;;;;;;;;;;;;x,,
return_cores_TAB_desc;We hold provinces that Mazandaran has claims on. Returning these provinces, as an act of good faith, would surely bolster our relations.;;;;;;;;;;;;x
return_cores_TBK_title;Return cores to Tumbuka;;;;;;;;;;;;;;;;;;;;x,,
return_cores_TBK_desc;We hold provinces that Tumbuka has claims on. Returning these provinces, as an act of good faith, would surely bolster our relations.;;;;;;;;;;;;x
return_cores_TBZ_title;Return cores to Trebizond;;;;;;;;;;;;;;;;;;;;x,,
return_cores_TBZ_desc;We hold provinces that Trebizond has claims on. Returning these provinces, as an act of good faith, would surely bolster our relations.;;;;;;;;;;;;x
return_cores_TDO_title;Return cores to Tondo;;;;;;;;;;;;;;;;;;;;x,,
return_cores_TDO_desc;We hold provinces that Tondo has claims on. Returning these provinces, as an act of good faith, would surely bolster our relations.;;;;;;;;;;;;x
return_cores_TGA_title;Return cores to Tonga;;;;;;;;;;;;;;;;;;;;x,,
return_cores_TGA_desc;We hold provinces that Tonga has claims on. Returning these provinces, as an act of good faith, would surely bolster our relations.;;;;;;;;;;;;x
return_cores_TID_title;Return cores to Tidore;;;;;;;;;;;;;;;;;;;;x,,
return_cores_TID_desc;We hold provinces that Tidore has claims on. Returning these provinces, as an act of good faith, would surely bolster our relations.;;;;;;;;;;;;x
return_cores_TIO_title;Return cores to Tionontate;;;;;;;;;;;;;;;;;;;;x,,
return_cores_TIO_desc;We hold provinces that Tionontate has claims on. Returning these provinces, as an act of good faith, would surely bolster our relations.;;;;;;;;;;;;x
return_cores_TLC_title;Return cores to Tlemcen;;;;;;;;;;;;;;;;;;;;x,,
return_cores_TLC_desc;We hold provinces that Tlemcen has claims on. Returning these provinces, as an act of good faith, would surely bolster our relations.;;;;;;;;;;;;x
return_cores_TOK_title;Return cores to Tonkin;;;;;;;;;;;;;;;;;;;;x,,
return_cores_TOK_desc;We hold provinces that Tonkin has claims on. Returning these provinces, as an act of good faith, would surely bolster our relations.;;;;;;;;;;;;x
return_cores_TOT_title;Return cores to Totonac;;;;;;;;;;;;;;;;;;;;x,,
return_cores_TOT_desc;We hold provinces that Totonac has claims on. Returning these provinces, as an act of good faith, would surely bolster our relations.;;;;;;;;;;;;x
return_cores_TRA_title;Return cores to Venad;;;;;;;;;;;;;;;;;;;;x,,
return_cores_TRA_desc;We hold provinces that Venad has claims on. Returning these provinces, as an act of good faith, would surely bolster our relations.;;;;;;;;;;;;x
return_cores_TRS_title;Return cores to Tarascan;;;;;;;;;;;;;;;;;;;;x,,
return_cores_TRS_desc;We hold provinces that Tarascan has claims on. Returning these provinces, as an act of good faith, would surely bolster our relations.;;;;;;;;;;;;x
return_cores_TRT_title;Return cores to Tirhut;;;;;;;;;;;;;;;;;;;;x,,
return_cores_TRT_desc;We hold provinces that Tirhut has claims on. Returning these provinces, as an act of good faith, would surely bolster our relations.;;;;;;;;;;;;x
return_cores_TTE_title;Return cores to Ternate;;;;;;;;;;;;;;;;;;;;x,,
return_cores_TTE_desc;We hold provinces that Ternate has claims on. Returning these provinces, as an act of good faith, would surely bolster our relations.;;;;;;;;;;;;x
return_cores_TUA_title;Return cores to Tapuia;;;;;;;;;;;;;;;;;;;;x,,
return_cores_TUA_desc;We hold provinces that Tapuia has claims on. Returning these provinces, as an act of good faith, would surely bolster our relations.;;;;;;;;;;;;x
return_cores_TUN_title;Return cores to Africa;;;;;;;;;;;;;;;;;;;;x,,
return_cores_TUN_desc;We hold provinces that Africa has claims on. Returning these provinces, as an act of good faith, would surely bolster our relations.;;;;;;;;;;;;x
return_cores_TYO_title;Return cores to Tyo;;;;;;;;;;;;;;;;;;;;x,,
return_cores_TYO_desc;We hold provinces that Tyo has claims on. Returning these provinces, as an act of good faith, would surely bolster our relations.;;;;;;;;;;;;x
return_cores_UBH_title;Return cores to Buha;;;;;;;;;;;;;;;;;;;;x,,
return_cores_UBH_desc;We hold provinces that Buha has claims on. Returning these provinces, as an act of good faith, would surely bolster our relations.;;;;;;;;;;;;x
return_cores_UCA_title;Return cores to United Central America;;;;;;;;;;;;;;;;;;;;x,,
return_cores_UCA_desc;We hold provinces that United Central America has claims on. Returning these provinces, as an act of good faith, would surely bolster our relations.;;;;;;;;;;;;x
return_cores_URB_title;Return cores to Urbino;;;;;;;;;;;;;;;;;;;;x,,
return_cores_URB_desc;We hold provinces that Urbino has claims on. Returning these provinces, as an act of good faith, would surely bolster our relations.;;;;;;;;;;;;x
return_cores_USA_title;Return cores to United States;;;;;;;;;;;;;;;;;;;;x,,
return_cores_USA_desc;We hold provinces that United States has claims on. Returning these provinces, as an act of good faith, would surely bolster our relations.;;;;;;;;;;;;x
return_cores_UTS_title;Return cores to -Tsang;;;;;;;;;;;;;;;;;;;;x,,
return_cores_UTS_desc;We hold provinces that -Tsang has claims on. Returning these provinces, as an act of good faith, would surely bolster our relations.;;;;;;;;;;;;x
return_cores_VEN_title;Return cores to Venice;;;;;;;;;;;;;;;;;;;;x,,
return_cores_VEN_desc;We hold provinces that Venice has claims on. Returning these provinces, as an act of good faith, would surely bolster our relations.;;;;;;;;;;;;x
return_cores_VNZ_title;Return cores to Venezuela;;;;;;;;;;;;;;;;;;;;x,,
return_cores_VNZ_desc;We hold provinces that Venezuela has claims on. Returning these provinces, as an act of good faith, would surely bolster our relations.;;;;;;;;;;;;x
return_cores_VRM_title;Return cores to Nouvelle-Flandre;;;;;;;;;;;;;;;;;;;;x,,
return_cores_VRM_desc;We hold provinces that Nouvelle-Flandre has claims on. Returning these provinces, as an act of good faith, would surely bolster our relations.;;;;;;;;;;;;x
return_cores_WAD_title;Return cores to Wadai;;;;;;;;;;;;;;;;;;;;x,,
return_cores_WAD_desc;We hold provinces that Wadai has claims on. Returning these provinces, as an act of good faith, would surely bolster our relations.;;;;;;;;;;;;x
return_cores_WAL_title;Return cores to Wallachia;;;;;;;;;;;;;;;;;;;;x,,
return_cores_WAL_desc;We hold provinces that Wallachia has claims on. Returning these provinces, as an act of good faith, would surely bolster our relations.;;;;;;;;;;;;x
return_cores_WAM_title;Return cores to Wampanoag;;;;;;;;;;;;;;;;;;;;x,,
return_cores_WAM_desc;We hold provinces that Wampanoag has claims on. Returning these provinces, as an act of good faith, would surely bolster our relations.;;;;;;;;;;;;x
return_cores_WCR_title;Return cores to Cree;;;;;;;;;;;;;;;;;;;;x,,
return_cores_WCR_desc;We hold provinces that Cree has claims on. Returning these provinces, as an act of good faith, would surely bolster our relations.;;;;;;;;;;;;x
return_cores_WCY_title;Return cores to Wichiyena;;;;;;;;;;;;;;;;;;;;x,,
return_cores_WCY_desc;We hold provinces that Wichiyena has claims on. Returning these provinces, as an act of good faith, would surely bolster our relations.;;;;;;;;;;;;x
return_cores_WES_title;Return cores to Westphalia;;;;;;;;;;;;;;;;;;;;x,,
return_cores_WES_desc;We hold provinces that Westphalia has claims on. Returning these provinces, as an act of good faith, would surely bolster our relations.;;;;;;;;;;;;x
return_cores_WHA_title;Return cores to Wales;;;;;;;;;;;;;;;;;;;;x,,
return_cores_WHA_desc;We hold provinces that Wales has claims on. Returning these provinces, as an act of good faith, would surely bolster our relations.;;;;;;;;;;;;x
return_cores_WIC_title;Return cores to Wichita;;;;;;;;;;;;;;;;;;;;x,,
return_cores_WIC_desc;We hold provinces that Wichita has claims on. Returning these provinces, as an act of good faith, would surely bolster our relations.;;;;;;;;;;;;x
return_cores_WOL_title;Return cores to Jolof;;;;;;;;;;;;;;;;;;;;x,,
return_cores_WOL_desc;We hold provinces that Jolof has claims on. Returning these provinces, as an act of good faith, would surely bolster our relations.;;;;;;;;;;;;x
return_cores_WSI_title;Return cores to West Indies;;;;;;;;;;;;;;;;;;;;x,,
return_cores_WSI_desc;We hold provinces that West Indies has claims on. Returning these provinces, as an act of good faith, would surely bolster our relations.;;;;;;;;;;;;x
return_cores_X00_title;Return cores to Beja;;;;;;;;;;;;;;;;;;;;x,,
return_cores_X00_desc;We hold provinces that Beja has claims on. Returning these provinces, as an act of good faith, would surely bolster our relations.;;;;;;;;;;;;x
return_cores_X01_title;Return cores to Franconia;;;;;;;;;;;;;;;;;;;;x,,
return_cores_X01_desc;We hold provinces that Franconia has claims on. Returning these provinces, as an act of good faith, would surely bolster our relations.;;;;;;;;;;;;x
return_cores_X02_title;Return cores to Xekong;;;;;;;;;;;;;;;;;;;;x,,
return_cores_X02_desc;We hold provinces that Xekong has claims on. Returning these provinces, as an act of good faith, would surely bolster our relations.;;;;;;;;;;;;x
return_cores_X03_title;Return cores to Revolutionary Rhin;;;;;;;;;;;;;;;;;;;;x,,
return_cores_X03_desc;We hold provinces that Revolutionary Rhin has claims on. Returning these provinces, as an act of good faith, would surely bolster our relations.;;;;;;;;;;;;x
return_cores_X04_title;Return cores to Revolutionary Wurtzb;;;;;;;;;;;;;;;;;;;;x,,
return_cores_X04_desc;We hold provinces that Revolutionary Wurtzb has claims on. Returning these provinces, as an act of good faith, would surely bolster our relations.;;;;;;;;;;;;x
return_cores_X05_title;Return cores to Len;;;;;;;;;;;;;;;;;;;;x,,
return_cores_X05_desc;We hold provinces that Len has claims on. Returning these provinces, as an act of good faith, would surely bolster our relations.;;;;;;;;;;;;x
return_cores_X06_title;Return cores to Luristan;;;;;;;;;;;;;;;;;;;;x,,
return_cores_X06_desc;We hold provinces that Luristan has claims on. Returning these provinces, as an act of good faith, would surely bolster our relations.;;;;;;;;;;;;x
return_cores_X07_title;Return cores to Latgalia;;;;;;;;;;;;;;;;;;;;x,,
return_cores_X07_desc;We hold provinces that Latgalia has claims on. Returning these provinces, as an act of good faith, would surely bolster our relations.;;;;;;;;;;;;x
return_cores_X08_title;Return cores to Swabia;;;;;;;;;;;;;;;;;;;;x,,
return_cores_X08_desc;We hold provinces that Swabia has claims on. Returning these provinces, as an act of good faith, would surely bolster our relations.;;;;;;;;;;;;x
return_cores_X09_title;Return cores to Gheydarids;;;;;;;;;;;;;;;;;;;;x,,
return_cores_X09_desc;We hold provinces that Gheydarids has claims on. Returning these provinces, as an act of good faith, would surely bolster our relations.;;;;;;;;;;;;x
return_cores_X10_title;Return cores to Talakad Gangas;;;;;;;;;;;;;;;;;;;;x,,
return_cores_X10_desc;We hold provinces that Talakad Gangas has claims on. Returning these provinces, as an act of good faith, would surely bolster our relations.;;;;;;;;;;;;x
return_cores_X11_title;Return cores to Palas;;;;;;;;;;;;;;;;;;;;x,,
return_cores_X11_desc;We hold provinces that Palas has claims on. Returning these provinces, as an act of good faith, would surely bolster our relations.;;;;;;;;;;;;x
return_cores_X12_title;Return cores to Meliksahids;;;;;;;;;;;;;;;;;;;;x,,
return_cores_X12_desc;We hold provinces that Meliksahids has claims on. Returning these provinces, as an act of good faith, would surely bolster our relations.;;;;;;;;;;;;x
return_cores_X13_title;Return cores to Piemont;;;;;;;;;;;;;;;;;;;;x,,
return_cores_X13_desc;We hold provinces that Piemont has claims on. Returning these provinces, as an act of good faith, would surely bolster our relations.;;;;;;;;;;;;x
return_cores_X14_title;Return cores to Cuba;;;;;;;;;;;;;;;;;;;;x,,
return_cores_X14_desc;We hold provinces that Cuba has claims on. Returning these provinces, as an act of good faith, would surely bolster our relations.;;;;;;;;;;;;x
return_cores_X15_title;Return cores to Wallonie;;;;;;;;;;;;;;;;;;;;x,,
return_cores_X15_desc;We hold provinces that Wallonie has claims on. Returning these provinces, as an act of good faith, would surely bolster our relations.;;;;;;;;;;;;x
return_cores_XAL_title;Return cores to Xalisco;;;;;;;;;;;;;;;;;;;;x,,
return_cores_XAL_desc;We hold provinces that Xalisco has claims on. Returning these provinces, as an act of good faith, would surely bolster our relations.;;;;;;;;;;;;x
return_cores_XMA_title;Return cores to Madurai;;;;;;;;;;;;;;;;;;;;x,,
return_cores_XMA_desc;We hold provinces that Madurai has claims on. Returning these provinces, as an act of good faith, would surely bolster our relations.;;;;;;;;;;;;x
return_cores_YAN_title;Return cores to Yan;;;;;;;;;;;;;;;;;;;;x,,
return_cores_YAN_desc;We hold provinces that Yan has claims on. Returning these provinces, as an act of good faith, would surely bolster our relations.;;;;;;;;;;;;x
return_cores_YEM_title;Return cores to Aarifids;;;;;;;;;;;;;;;;;;;;x,,
return_cores_YEM_desc;We hold provinces that Aarifids has claims on. Returning these provinces, as an act of good faith, would surely bolster our relations.;;;;;;;;;;;;x
return_cores_YKA_title;Return cores to Yaka;;;;;;;;;;;;;;;;;;;;x,,
return_cores_YKA_desc;We hold provinces that Yaka has claims on. Returning these provinces, as an act of good faith, would surely bolster our relations.;;;;;;;;;;;;x
return_cores_YKT_title;Return cores to Yokuts;;;;;;;;;;;;;;;;;;;;x,,
return_cores_YKT_desc;We hold provinces that Yokuts has claims on. Returning these provinces, as an act of good faith, would surely bolster our relations.;;;;;;;;;;;;x
return_cores_YRK_title;Return cores to Khotan;;;;;;;;;;;;;;;;;;;;x,,
return_cores_YRK_desc;We hold provinces that Khotan has claims on. Returning these provinces, as an act of good faith, would surely bolster our relations.;;;;;;;;;;;;x
return_cores_YUA_title;Return cores to Yuan;;;;;;;;;;;;;;;;;;;;x,,
return_cores_YUA_desc;We hold provinces that Yuan has claims on. Returning these provinces, as an act of good faith, would surely bolster our relations.;;;;;;;;;;;;x
return_cores_ZAF_title;Return cores to Macina;;;;;;;;;;;;;;;;;;;;x,,
return_cores_ZAF_desc;We hold provinces that Macina has claims on. Returning these provinces, as an act of good faith, would surely bolster our relations.;;;;;;;;;;;;x
return_cores_ZAP_title;Return cores to Zapotec;;;;;;;;;;;;;;;;;;;;x,,
return_cores_ZAP_desc;We hold provinces that Zapotec has claims on. Returning these provinces, as an act of good faith, would surely bolster our relations.;;;;;;;;;;;;x
return_cores_ZIM_title;Return cores to Mutapa;;;;;;;;;;;;;;;;;;;;x,,
return_cores_ZIM_desc;We hold provinces that Mutapa has claims on. Returning these provinces, as an act of good faith, would surely bolster our relations.;;;;;;;;;;;;x
return_cores_ZUL_title;Return cores to Zulu;;;;;;;;;;;;;;;;;;;;x,,
return_cores_ZUL_desc;We hold provinces that Zulu has claims on. Returning these provinces, as an act of good faith, would surely bolster our relations.;;;;;;;;;;;;x
return_cores_ZUN_title;Return cores to Dzungar;;;;;;;;;;;;;;;;;;;;x,,
return_cores_ZUN_desc;We hold provinces that Dzungar has claims on. Returning these provinces, as an act of good faith, would surely bolster our relations.;;;;;;;;;;;;x
return_cores_ZZZ_title;Return cores to Zazzau;;;;;;;;;;;;;;;;;;;;x,,
return_cores_ZZZ_desc;We hold provinces that Zazzau has claims on. Returning these provinces, as an act of good faith, would surely bolster our relations.;;;;;;;;;;;;x
